id;name;description;car_plate;vin;created_at;updated_at
1;Small set;Coordinator Nevada application;deposit hard Program;Egyptian;2021-07-20T03:30:05;2021-07-20T09:20:29
2;systems JSON;encryption;Inlet JBOD Outdoors;microchip Chips transmit;2021-07-20T05:15:37;2021-07-20T14:52:30
3;methodology Colombian dedicated;Bacon indexing feed;RSS;Frozen Courts;2021-07-20T16:55:07;2021-07-20T01:55:21
4;Intelligent compressing Plastic;Assurance Cross-group compressing;Implementation Central Spurs;feed system;2021-07-20T04:01:22;2021-07-20T11:34:36
5;neural pink;copying Corporate;Implemented;Metrics back-end Analyst;2021-07-20T09:13:22;2021-07-19T22:50:17
6;navigating;Dominica Refined integrated;system Handmade Dinar;interfaces virtual;2021-07-20T04:39:00;2021-07-20T16:57:24
7;streamline HDD;Brand Oregon;communities;engine;2021-07-20T17:50:27;2021-07-20T09:09:00
8;Ergonomic Interactions;firewall Steel New;Borders;Antillian recontextualize Bahamian;2021-07-20T17:51:19;2021-07-19T21:05:02
9;Shoes Illinois;Sleek Concrete Salad;Bedfordshire connecting Concrete;hour input;2021-07-20T08:19:20;2021-07-20T04:21:21
10;Communications Coordinator;HTTP withdrawal;alarm Developer;District;2021-07-19T20:12:01;2021-07-20T10:57:20
