id;name;description;created_at;updated_at
1;deposit Extended Fresh;Gorgeous;2021-07-20T02:57:40;2021-07-20T02:09:17
2;Small;Jamaican;2021-07-20T00:00:56;2021-07-19T19:35:30
3;bandwidth service-desk Concrete;Shirt;2021-07-19T19:08:58;2021-07-20T13:54:49
4;invoice XSS;Chair Tasty Mills;2021-07-19T19:04:04;2021-07-20T17:36:52
5;Rustic;override transparent IB;2021-07-19T23:56:23;2021-07-20T04:44:56
6;Handmade Dynamic Village;Pound quantifying;2021-07-19T23:08:42;2021-07-20T09:51:51
7;wireless;lime calculate;2021-07-19T19:18:58;2021-07-20T04:34:14
8;drive;International Ergonomic;2021-07-20T13:38:34;2021-07-19T23:40:09
9;Devolved Views;tertiary matrices;2021-07-19T23:28:54;2021-07-20T17:53:48
10;Intranet;compressing Austria solutions;2021-07-20T00:50:27;2021-07-20T05:39:59
